use master
go

drop database if exists QuanLyLaoDong
go

create database QuanLyLaoDong
go

use QuanLyLaoDong
go

create table CONGTRINH
(
    MACONGTRINH         varchar(10) not null
        primary key,
    DIACHICHITIET       nvarchar(100),
    KHUVUC              nvarchar(50),
    QUANHUYEN           nvarchar(50),
    TINHTHANHPHO        nvarchar(50),
    LOAICONGTRINH       int,
    NGAYCAPGIAYPHEP     datetime,
    NGAYDUKIENHOANTHANH datetime,
    NGAYHOANTHANH       datetime,
    NGAYTHICONG         datetime,
    TENCONGTRINH        nvarchar(50),
    TRANGTHAI           int
)
go

create table PHONGBAN
(
    MAPHONGBAN  varchar(10) not null
        primary key,
    MOTA        nvarchar(100),
    SODIENTHOAI varchar(10),
    TENPHONGBAN nvarchar(50)
)
go

create table BANGCONGVIEC
(
    MACONGVIEC           varchar(10) not null
        primary key,
    CHIPHI               real,
    NGAYDUKIENHOANTHANH  datetime,
    NGAYHOANTHANH        datetime,
    SOLUONGNHANVIENTOIDA tinyint,
    TENCONGVIEC          nvarchar(100),
    MACONGTRINH          varchar(10)
        constraint FKt2rwlld6okgyi87wyw0gkw5r
            references CONGTRINH,
    MAPHONGBAN           varchar(10)
        constraint FK1pj6f16o0sr8x54dmo2eckl3y
            references PHONGBAN
)
go

create table NHANVIEN
(
    MANHANVIEN    varchar(10) not null
        primary key,
    ANHCANHAN     varchar(50),
    CMND          varchar(11),
    DANTOC        nvarchar(30),
    DIACHICHITIET nvarchar(100),
    KHUVUC        nvarchar(50),
    QUANHUYEN     nvarchar(50),
    TINHTHANHPHO  nvarchar(50),
    GIOITINH      bit,
    HOTEN         nvarchar(50),
    MATKHAU       varchar(200),
    NGAYSINH      datetime,
    SODIENTHOAI   varchar(10),
    TRANGTHAI     int,
    MAPHONGBAN    varchar(10)
        constraint FKksytgp0aug6xcd79oj1lbdiby
            references PHONGBAN
)
go

create table BANGCHAMCONG
(
    THOIGIANBATDAU  datetime,
    THOIGIANKETTHUC datetime,
    MANHANVIEN      varchar(10) not null
        constraint FKhrkxg2li73sbkckrwrrslyqkk
            references NHANVIEN,
    MACONGVIEC      varchar(10) not null
        constraint FKglwfnj8203lgtuqomenso95nk
            references BANGCONGVIEC,
    primary key (MANHANVIEN, MACONGVIEC)
)
go

create table BANGPHANCONG
(
    NGAYBATDAU  datetime,
    NGAYKETTHUC datetime,
    MANHANVIEN  varchar(10) not null
        constraint FKssv47lv52y4m2hrk0q2q8alt0
            references NHANVIEN,
    MACONGVIEC  varchar(10) not null
        constraint FK4vufds1s14vu3xcmgpfxgp0n6
            references BANGCONGVIEC,
    primary key (MANHANVIEN, MACONGVIEC)
)
go

INSERT INTO CONGTRINH(MACONGTRINH, DIACHICHITIET, KHUVUC, QUANHUYEN, TINHTHANHPHO, LOAICONGTRINH,
                      NGAYCAPGIAYPHEP, NGAYDUKIENHOANTHANH, NGAYHOANTHANH, NGAYTHICONG, TENCONGTRINH, TRANGTHAI)
VALUES ('CT0001', '12B', 'TAN BINH', 'GO VAP', 'TPHCM', 1, '2019-11-01', '2019-11-29', null, '2019-11-02',
        'CONG TRINH ABC', 0),
       ('CT0002', '12B', 'TAN BINH', 'GO VAP', 'TPHCM', 2, '2019-11-01', '2019-11-29', null, '2019-11-02',
        'CONG TRINH FAS', 2),
       ('CT0003', '12B', 'TAN BINH', 'GO VAP', 'TPHCM', 0, '2019-11-01', '2019-11-29', null, '2019-11-02',
        'CONG TRINH VNC', 1),
       ('CT0004', '12B', 'TAN BINH', 'GO VAP', 'TPHCM', 2, '2019-11-01', '2019-11-29', null, '2019-11-02',
        'CONG TRINH SSC', 3),
       ('CT0005', '12B', 'TAN BINH', 'GO VAP', 'TPHCM', 0, '2019-11-01', '2019-11-29', null, '2019-11-02',
        'CONG TRINH VAA', 1),
       ('CT0006', '12B', 'TAN BINH', 'GO VAP', 'TPHCM', 1, '2019-11-01', '2019-11-29', null, '2019-11-02',
        'CONG TRINH FAS', 2),
       ('CT0007', '12B', 'TAN BINH', 'GO VAP', 'TPHCM', 0, '2019-11-01', '2019-11-29', null, '2019-11-02',
        'CONG TRINH VNC', 3),
       ('CT0008', '12B', 'TAN BINH', 'GO VAP', 'TPHCM', 1, '2019-11-01', '2019-11-29', null, '2019-11-02',
        'CONG TRINH SSC', 0),
       ('CT0009', '12B', 'TAN BINH', 'GO VAP', 'TPHCM', 1, '2019-11-01', '2019-11-29', null, '2019-11-02',
        'CONG TRINH VAA', 0),
       ('CT0010', '12B', 'TAN BINH', 'GO VAP', 'TPHCM', 2, '2019-11-01', '2019-11-29', null, '2019-11-02',
        'CONG TRINH DBC', 0),
       ('CT0011', '12B', 'TAN BINH', 'GO VAP', 'TPHCM', 1, '2019-11-01', '2019-11-29', null, '2019-11-02',
        'CONG TRINH FAS', 0),
       ('CT0012', '12B', 'TAN BINH', 'GO VAP', 'TPHCM', 1, '2019-11-01', '2019-11-29', null, '2019-11-02',
        'CONG TRINH VNC', 0),
       ('CT0013', '12B', 'TAN BINH', 'GO VAP', 'TPHCM', 0, '2019-11-01', '2019-11-29', null, '2019-11-02',
        'CONG TRINH SSC', 0),
       ('CT0014', '12B', 'TAN BINH', 'GO VAP', 'TPHCM', 1, '2019-11-01', '2019-11-29', null, '2019-11-02',
        'CONG TRINH VAA', 3),
       ('CT0015', '12B', 'TAN BINH', 'GO VAP', 'TPHCM', 1, '2019-11-01', '2019-11-29', null, '2019-11-02',
        'CONG TRINH DBC', 2),
       ('CT0016', '12B', 'TAN BINH', 'GO VAP', 'TPHCM', 0, '2019-11-01', '2019-11-29', null, '2019-11-02',
        'CONG TRINH FAS', 1),
       ('CT0017', '12B', 'TAN BINH', 'GO VAP', 'TPHCM', 1, '2019-11-01', '2019-11-29', null, '2019-11-02',
        'CONG TRINH VNC', 0),
       ('CT0018', '12B', 'TAN BINH', 'GO VAP', 'TPHCM', 1, '2019-11-01', '2019-11-29', null, '2019-11-02',
        'CONG TRINH SSC', 1),
       ('CT0019', '12B', 'TAN BINH', 'GO VAP', 'TPHCM', 2, '2019-11-01', '2019-11-29', null, '2019-11-02',
        'CONG TRINH VAA', 3),
       ('CT0020', '12B', 'TAN BINH', 'GO VAP', 'TPHCM', 1, '2019-11-01', '2019-11-29', null, '2019-11-02',
        'CONG TRINH FAS', 1),
       ('CT0021', '12B', 'TAN BINH', 'GO VAP', 'TPHCM', 0, '2019-11-01', '2019-11-29', null, '2019-11-02',
        'CONG TRINH VNC', 2),
       ('CT0022', '12B', 'TAN BINH', 'GO VAP', 'TPHCM', 2, '2019-11-01', '2019-11-29', null, '2019-11-02',
        'CONG TRINH SSC', 0),
       ('CT0023', '12B', 'TAN BINH', 'GO VAP', 'TPHCM', 1, '2019-11-01', '2019-11-29', null, '2019-11-02',
        'CONG TRINH VAA', 2),
       ('CT0024', '12B', 'TAN BINH', 'GO VAP', 'TPHCM', 2, '2019-11-01', '2019-11-29', null, '2019-11-02',
        'CONG TRINH DBC', 3),
       ('CT0025', '12B', 'TAN BINH', 'GO VAP', 'TPHCM', 0, '2019-11-01', '2019-11-29', null, '2019-11-02',
        'CONG TRINH FAS', 1),
       ('CT0026', '12B', 'TAN BINH', 'GO VAP', 'TPHCM', 1, '2019-11-01', '2019-11-29', null, '2019-11-02',
        'CONG TRINH VNC', 3),
       ('CT0027', '12B', 'TAN BINH', 'GO VAP', 'TPHCM', 0, '2019-11-01', '2019-11-29', null, '2019-11-02',
        'CONG TRINH SSC', 0),
       ('CT0028', '12B', 'TAN BINH', 'GO VAP', 'TPHCM', 2, '2019-11-01', '2019-11-29', null, '2019-11-02',
        'CONG TRINH VAA', 1),
       ('CT0029', '12B', 'TAN BINH', 'GO VAP', 'TPHCM', 1, '2019-11-01', '2019-11-29', null, '2019-11-02',
        'CONG TRINH DBC', 2),
       ('CT0030', '12B', 'TAN BINH', 'GO VAP', 'TPHCM', 1, '2019-11-01', '2019-11-29', null, '2019-11-02',
        'CONG TRINH FAS', 3),
       ('CT0031', '12B', 'TAN BINH', 'GO VAP', 'TPHCM', 0, '2019-11-01', '2019-11-29', null, '2019-11-02',
        'CONG TRINH VNC', 2),
       ('CT0032', '12B', 'TAN BINH', 'GO VAP', 'TPHCM', 2, '2019-11-01', '2019-11-29', null, '2019-11-02',
        'CONG TRINH SSC', 2),
       ('CT0033', '12B', 'TAN BINH', 'GO VAP', 'TPHCM', 1, '2019-11-01', '2019-11-29', null, '2019-11-02',
        'CONG TRINH VAA', 3),
       ('CT0034', '12B', 'TAN BINH', 'GO VAP', 'TPHCM', 1, '2019-11-01', '2019-11-29', null, '2019-11-02',
        'CONG TRINH FAS', 1),
       ('CT0035', '12B', 'TAN BINH', 'GO VAP', 'TPHCM', 1, '2019-11-01', '2019-11-29', null, '2019-11-02',
        'CONG TRINH VNC', 1),
       ('CT0036', '12B', 'TAN BINH', 'GO VAP', 'TPHCM', 1, '2019-11-01', '2019-11-29', null, '2019-11-02',
        'CONG TRINH SSC', 2),
       ('CT0037', '12B', 'TAN BINH', 'GO VAP', 'TPHCM', 1, '2019-11-01', '2019-11-29', null, '2019-11-02',
        'CONG TRINH VAA', 1),
       ('CT0038', '12B', 'TAN BINH', 'GO VAP', 'TPHCM', 1, '2019-11-01', '2019-11-29', null, '2019-11-02',
        'CONG TRINH DBC', 0),
       ('CT0039', '12B', 'TAN BINH', 'GO VAP', 'TPHCM', 2, '2019-11-01', '2019-11-29', null, '2019-11-02',
        'CONG TRINH FAS', 1),
       ('CT0040', '12B', 'TAN BINH', 'GO VAP', 'TPHCM', 1, '2019-11-01', '2019-11-29', null, '2019-11-02',
        'CONG TRINH VNC', 1),
       ('CT0041', '12B', 'TAN BINH', 'GO VAP', 'TPHCM', 1, '2019-11-01', '2019-11-29', null, '2019-11-02',
        'CONG TRINH SSC', 0),
       ('CT0042', '12B', 'TAN BINH', 'GO VAP', 'TPHCM', 1, '2019-11-01', '2019-11-29', null, '2019-11-02',
        'CONG TRINH VAA', 2),
       ('CT0043', '12B', 'TAN BINH', 'GO VAP', 'TPHCM', 1, '2019-11-01', '2019-11-29', null, '2019-11-02',
        'CONG TRINH DBC', 1),
       ('CT0044', '12B', 'TAN BINH', 'GO VAP', 'TPHCM', 2, '2019-11-01', '2019-11-29', null, '2019-11-02',
        'CONG TRINH FAS', 3),
       ('CT0045', '12B', 'TAN BINH', 'GO VAP', 'TPHCM', 1, '2019-11-01', '2019-11-29', null, '2019-11-02',
        'CONG TRINH VNC', 2),
       ('CT0046', '12B', 'TAN BINH', 'GO VAP', 'TPHCM', 1, '2019-11-01', '2019-11-29', null, '2019-11-02',
        'CONG TRINH SSC', 2),
       ('CT0047', '12B', 'TAN BINH', 'GO VAP', 'TPHCM', 1, '2019-11-01', '2019-11-29', null, '2019-11-02',
        'CONG TRINH VAA', 1),
       ('CT0048', '12B', 'TAN BINH', 'GO VAP', 'TPHCM', 0, '2019-11-01', '2019-11-29', null, '2019-11-02',
        'CONG TRINH FAS', 3),
       ('CT0049', '12B', 'TAN BINH', 'GO VAP', 'TPHCM', 1, '2019-11-01', '2019-11-29', null, '2019-11-02',
        'CONG TRINH VNC', 1),
       ('CT0050', '12B', 'TAN BINH', 'GO VAP', 'TPHCM', 1, '2019-11-01', '2019-11-29', null, '2019-11-02',
        'CONG TRINH SSC', 1),
       ('CT0051', '12B', 'TAN BINH', 'GO VAP', 'TPHCM', 1, '2019-11-01', '2019-11-29', null, '2019-11-02',
        'CONG TRINH VAA', 2),
       ('CT0052', '12B', 'TAN BINH', 'GO VAP', 'TPHCM', 2, '2019-11-01', '2019-11-29', null, '2019-11-02',
        'CONG TRINH DBC', 1),
       ('CT0053', '12B', 'TAN BINH', 'GO VAP', 'TPHCM', 1, '2019-11-01', '2019-11-29', null, '2019-11-02',
        'CONG TRINH FAS', 3),
       ('CT0054', '12B', 'TAN BINH', 'GO VAP', 'TPHCM', 1, '2019-11-01', '2019-11-29', null, '2019-11-02',
        'CONG TRINH VNC', 1),
       ('CT0055', '12B', 'TAN BINH', 'GO VAP', 'TPHCM', 1, '2019-11-01', '2019-11-29', null, '2019-11-02',
        'CONG TRINH SSC', 2),
       ('CT0056', '12B', 'TAN BINH', 'GO VAP', 'TPHCM', 1, '2019-11-01', '2019-11-29', null, '2019-11-02',
        'CONG TRINH VAA', 1),
       ('CT0057', '12B', 'TAN BINH', 'GO VAP', 'TPHCM', 1, '2019-11-01', '2019-11-29', null, '2019-11-02',
        'CONG TRINH DBC', 2),
       ('CT0058', '12B', 'TAN BINH', 'GO VAP', 'TPHCM', 1, '2019-11-01', '2019-11-29', null, '2019-11-02',
        'CONG TRINH FAS', 1),
       ('CT0059', '12B', 'TAN BINH', 'GO VAP', 'TPHCM', 1, '2019-11-01', '2019-11-29', null, '2019-11-02',
        'CONG TRINH VNC', 2),
       ('CT0060', '12B', 'TAN BINH', 'GO VAP', 'TPHCM', 0, '2019-11-01', '2019-11-29', null, '2019-11-02',
        'CONG TRINH SSC', 1),
       ('CT0061', '12B', 'TAN BINH', 'GO VAP', 'TPHCM', 2, '2019-11-01', '2019-11-29', null, '2019-11-02',
        'CONG TRINH VAA', 0),
       ('CT0062', '12B', 'TAN BINH', 'GO VAP', 'TPHCM', 1, '2019-11-01', '2019-11-29', null, '2019-11-02',
        'CONG TRINH FAS', 1),
       ('CT0063', '12B', 'TAN BINH', 'GO VAP', 'TPHCM', 1, '2019-11-01', '2019-11-29', null, '2019-11-02',
        'CONG TRINH VNC', 0),
       ('CT0064', '12B', 'TAN BINH', 'GO VAP', 'TPHCM', 2, '2019-11-01', '2019-11-29', null, '2019-11-02',
        'CONG TRINH SSC', 1),
       ('CT0065', '12B', 'TAN BINH', 'GO VAP', 'TPHCM', 2, '2019-11-01', '2019-11-29', null, '2019-11-02',
        'CONG TRINH VAA', 1),
       ('CT0066', '12B', 'TAN BINH', 'GO VAP', 'TPHCM', 2, '2019-11-01', '2019-11-29', null, '2019-11-02',
        'CONG TRINH DBC', 2),
       ('CT0067', '12B', 'TAN BINH', 'GO VAP', 'TPHCM', 1, '2019-11-01', '2019-11-29', null, '2019-11-02',
        'CONG TRINH FAS', 1),
       ('CT0068', '12B', 'TAN BINH', 'GO VAP', 'TPHCM', 1, '2019-11-01', '2019-11-29', null, '2019-11-02',
        'CONG TRINH VNC', 2),
       ('CT0069', '12B', 'TAN BINH', 'GO VAP', 'TPHCM', 0, '2019-11-01', '2019-11-29', null, '2019-11-02',
        'CONG TRINH SSC', 1),
       ('CT0070', '12B', 'TAN BINH', 'GO VAP', 'TPHCM', 1, '2019-11-01', '2019-11-29', null, '2019-11-02',
        'CONG TRINH VAA', 2),
       ('CT0071', '12B', 'TAN BINH', 'GO VAP', 'TPHCM', 1, '2019-11-01', '2019-11-29', null, '2019-11-02',
        'CONG TRINH DBC', 1),
       ('CT0072', '12B', 'TAN BINH', 'GO VAP', 'TPHCM', 2, '2019-11-01', '2019-11-29', null, '2019-11-02',
        'CONG TRINH FAS', 3),
       ('CT0073', '12B', 'TAN BINH', 'GO VAP', 'TPHCM', 1, '2019-11-01', '2019-11-29', null, '2019-11-02',
        'CONG TRINH VNC', 1),
       ('CT0074', '12B', 'TAN BINH', 'GO VAP', 'TPHCM', 1, '2019-11-01', '2019-11-29', null, '2019-11-02',
        'CONG TRINH SSC', 2),
       ('CT0075', '12B', 'TAN BINH', 'GO VAP', 'TPHCM', 1, '2019-11-01', '2019-11-29', null, '2019-11-02',
        'CONG TRINH VAA', 1),
       ('CT0076', '12B', 'TAN BINH', 'GO VAP', 'TPHCM', 1, '2019-11-01', '2019-11-29', null, '2019-11-02',
        'CONG TRINH FAS', 1),
       ('CT0077', '12B', 'TAN BINH', 'GO VAP', 'TPHCM', 1, '2019-11-01', '2019-11-29', null, '2019-11-02',
        'CONG TRINH VNC', 0),
       ('CT0078', '12B', 'TAN BINH', 'GO VAP', 'TPHCM', 1, '2019-11-01', '2019-11-29', null, '2019-11-02',
        'CONG TRINH SSC', 1),
       ('CT0079', '12B', 'TAN BINH', 'GO VAP', 'TPHCM', 0, '2019-11-01', '2019-11-29', null, '2019-11-02',
        'CONG TRINH VAA', 2),
       ('CT0080', '12B', 'TAN BINH', 'GO VAP', 'TPHCM', 1, '2019-11-01', '2019-11-29', null, '2019-11-02',
        'CONG TRINH DBC', 1),
       ('CT0081', '12B', 'TAN BINH', 'GO VAP', 'TPHCM', 1, '2019-11-01', '2019-11-29', null, '2019-11-02',
        'CONG TRINH FAS', 0),
       ('CT0082', '12B', 'TAN BINH', 'GO VAP', 'TPHCM', 1, '2019-11-01', '2019-11-29', null, '2019-11-02',
        'CONG TRINH VNC', 1),
       ('CT0083', '12B', 'TAN BINH', 'GO VAP', 'TPHCM', 1, '2019-11-01', '2019-11-29', null, '2019-11-02',
        'CONG TRINH SSC', 3),
       ('CT0084', '12B', 'TAN BINH', 'GO VAP', 'TPHCM', 1, '2019-11-01', '2019-11-29', null, '2019-11-02',
        'CONG TRINH VAA', 3),
       ('CT0085', '12B', 'TAN BINH', 'GO VAP', 'TPHCM', 1, '2019-11-01', '2019-11-29', null, '2019-11-02',
        'CONG TRINH DBC', 1),
       ('CT0086', '12B', 'TAN BINH', 'GO VAP', 'TPHCM', 1, '2019-11-01', '2019-11-29', null, '2019-11-02',
        'CONG TRINH FAS', 3),
       ('CT0087', '12B', 'TAN BINH', 'GO VAP', 'TPHCM', 2, '2019-11-01', '2019-11-29', null, '2019-11-02',
        'CONG TRINH VNC', 2),
       ('CT0088', '12B', 'TAN BINH', 'GO VAP', 'TPHCM', 1, '2019-11-01', '2019-11-29', null, '2019-11-02',
        'CONG TRINH SSC', 1),
       ('CT0089', '12B', 'TAN BINH', 'GO VAP', 'TPHCM', 1, '2019-11-01', '2019-11-29', null, '2019-11-02',
        'CONG TRINH VAA', 0),
       ('CT0090', '12B', 'TAN BINH', 'GO VAP', 'TPHCM', 1, '2019-11-01', '2019-11-29', null, '2019-11-02',
        'CONG TRINH FAS', 2),
       ('CT0091', '12B', 'TAN BINH', 'GO VAP', 'TPHCM', 1, '2019-11-01', '2019-11-29', null, '2019-11-02',
        'CONG TRINH VNC', 1),
       ('CT0092', '12B', 'TAN BINH', 'GO VAP', 'TPHCM', 1, '2019-11-01', '2019-11-29', null, '2019-11-02',
        'CONG TRINH SSC', 0),
       ('CT0093', '12B', 'TAN BINH', 'GO VAP', 'TPHCM', 1, '2019-11-01', '2019-11-29', null, '2019-11-02',
        'CONG TRINH VAA', 1),
       ('CT0094', '12B', 'TAN BINH', 'GO VAP', 'TPHCM', 1, '2019-11-01', '2019-11-29', null, '2019-11-02',
        'CONG TRINH DBC', 3),
       ('CT0095', '12B', 'TAN BINH', 'GO VAP', 'TPHCM', 1, '2019-11-01', '2019-11-29', null, '2019-11-02',
        'CONG TRINH FAS', 1),
       ('CT0096', '12B', 'TAN BINH', 'GO VAP', 'TPHCM', 1, '2019-11-01', '2019-11-29', null, '2019-11-02',
        'CONG TRINH VNC', 3),
       ('CT0097', '12B', 'TAN BINH', 'GO VAP', 'TPHCM', 1, '2019-11-01', '2019-11-29', null, '2019-11-02',
        'CONG TRINH SSC', 1),
       ('CT0098', '12B', 'TAN BINH', 'GO VAP', 'TPHCM', 1, '2019-11-01', '2019-11-29', null, '2019-11-02',
        'CONG TRINH VAA', 2),
       ('CT0099', '12B', 'TAN BINH', 'GO VAP', 'TPHCM', 1, '2019-11-01', '2019-11-29', null, '2019-11-02',
        'CONG TRINH DBC', 1),
       ('CT0100', '12B', 'TAN BINH', 'GO VAP', 'TPHCM', 1, '2019-11-01', '2019-11-29', null, '2019-11-02',
        'CONG TRINH FAS', 2)
GO


INSERT INTO PHONGBAN(MAPHONGBAN, MOTA, SODIENTHOAI, TENPHONGBAN)
VALUES ('PB0001', 'ABC', '0399006902', N'PHÒNG TÀI CHÍNH'),
       ('PB0002', 'DCS', '0021214545', N'PHÒNG THIẾT KẾ'),
       ('PB0003', 'CAA', '4648168313', N'PHÒNG XÂY DỰNG'),
       ('PB0004', 'FAS', '2473271235', N'PHÒNG QUẢN LÝ'),
       ('PB0005', 'ASC', '6841346161', N'PHÒNG PHÂN TÍCH'),
       ('PB0006', 'CCC', '6413431331', N'PHÒNG BÁN HÀNG'),
       ('PB0007', 'ABD', '2141241252', N'PHÒNG MARKETING')
GO

INSERT INTO NHANVIEN(MANHANVIEN, ANHCANHAN, CMND, DANTOC, DIACHICHITIET, KHUVUC, QUANHUYEN, TINHTHANHPHO, GIOITINH,
                     HOTEN, MATKHAU,
                     NGAYSINH, SODIENTHOAI, TRANGTHAI, MAPHONGBAN)
VALUES ('NV0001', 'labour.png', '352518411', 'KINH', '13B', 'TAN BINH', 'GO VAP', 'TPHCM', 0, N'ĐẶNG LÊ MINH TRƯỜNG',
        '$2a$12$K4mYMpOd8k7RbFD7tnNUlOIdfZ4URBmW8VmMPnFua8G2vEIseLfNy', '1999-09-16', '0399006902', 0, 'PB0007'),
       ('NV0002', '', '312421442', 'KINH', '13B', 'TAN BINH', 'GO VAP', 'TPHCM', 1, N'Nguyễn Chí Cường',
        '$2a$12$K4mYMpOd8k7RbFD7tnNUlOIdfZ4URBmW8VmMPnFua8G2vEIseLfNy', '1999-09-16', '0399006902', 0, 'PB0001'),
       ('NV0003', '', '244214124', 'KINH', '13B', 'TAN BINH', 'GO VAP', 'TPHCM', 1, N'Phạm Minh Khoa',
        '$2a$12$K4mYMpOd8k7RbFD7tnNUlOIdfZ4URBmW8VmMPnFua8G2vEIseLfNy', '1999-09-16', '0399006902', 1, 'PB0002'),
       ('NV0004', '', '421412412', 'KINH', '13B', 'TAN BINH', 'GO VAP', 'TPHCM', 0, N'Mark Floyd',
        '$2a$12$K4mYMpOd8k7RbFD7tnNUlOIdfZ4URBmW8VmMPnFua8G2vEIseLfNy', '1999-09-16', '0399006902', 0, 'PB0003'),
       ('NV0005', '', '214124121', 'KINH', '13B', 'TAN BINH', 'GO VAP', 'TPHCM', 1, N'Sue Duncan',
        '$2a$12$K4mYMpOd8k7RbFD7tnNUlOIdfZ4URBmW8VmMPnFua8G2vEIseLfNy', '1999-09-16', '0399006902', 1, 'PB0003'),
       ('NV0006', '', '421412412', 'KINH', '13B', 'TAN BINH', 'GO VAP', 'TPHCM', 0, N'Amy Houston',
        '$2a$12$K4mYMpOd8k7RbFD7tnNUlOIdfZ4URBmW8VmMPnFua8G2vEIseLfNy', '1999-09-16', '0399006902', 0, 'PB0003'),
       ('NV0007', '', '454543484', 'KINH', '13B', 'TAN BINH', 'GO VAP', 'TPHCM', 1, N'Sara Fletcher',
        '$2a$12$K4mYMpOd8k7RbFD7tnNUlOIdfZ4URBmW8VmMPnFua8G2vEIseLfNy', '1999-09-16', '0399006902', 1, 'PB0004'),
       ('NV0008', '', '124124122', 'KINH', '13B', 'TAN BINH', 'GO VAP', 'TPHCM', 0, N'Earl Santos',
        '$2a$12$K4mYMpOd8k7RbFD7tnNUlOIdfZ4URBmW8VmMPnFua8G2vEIseLfNy', '1999-09-16', '0399006902', 0, 'PB0005'),
       ('NV0009', '', '124124124', 'KINH', '13B', 'TAN BINH', 'GO VAP', 'TPHCM', 0, N'Al Douglas',
        '$2a$12$K4mYMpOd8k7RbFD7tnNUlOIdfZ4URBmW8VmMPnFua8G2vEIseLfNy', '1999-09-16', '0399006902', 0, 'PB0006'),
       ('NV0010', '', '214124124', 'KINH', '13B', 'TAN BINH', 'GO VAP', 'TPHCM', 0, N'Brandon Hall',
        '$2a$12$K4mYMpOd8k7RbFD7tnNUlOIdfZ4URBmW8VmMPnFua8G2vEIseLfNy', '1999-09-16', '0399006902', 1, 'PB0003'),
       ('NV0011', '', '351343346', 'KINH', '13B', 'TAN BINH', 'GO VAP', 'TPHCM', 0, N'Bobbie Taylor',
        '$2a$12$K4mYMpOd8k7RbFD7tnNUlOIdfZ4URBmW8VmMPnFua8G2vEIseLfNy', '1999-09-16', '0399006902', 0, 'PB0003'),
       ('NV0012', '', '394333852', 'KINH', '13B', 'TAN BINH', 'GO VAP', 'TPHCM', 1, N'Myra Sutton',
        '$2a$12$K4mYMpOd8k7RbFD7tnNUlOIdfZ4URBmW8VmMPnFua8G2vEIseLfNy', '1999-09-16', '0399006902', 0, 'PB0003'),
       ('NV0013', '', '412562634', 'KINH', '13B', 'TAN BINH', 'GO VAP', 'TPHCM', 0, N'Dorothy Lucas',
        '$2a$12$K4mYMpOd8k7RbFD7tnNUlOIdfZ4URBmW8VmMPnFua8G2vEIseLfNy', '1999-09-16', '0399006902', 1, 'PB0003'),
       ('NV0014', '', '679558786', 'KINH', '13B', 'TAN BINH', 'GO VAP', 'TPHCM', 1, N'Trevor Washington',
        '$2a$12$K4mYMpOd8k7RbFD7tnNUlOIdfZ4URBmW8VmMPnFua8G2vEIseLfNy', '1999-09-16', '0399006902', 0, 'PB0003'),
       ('NV0015', '', '457548694', 'KINH', '13B', 'TAN BINH', 'GO VAP', 'TPHCM', 0, N'Trevor Washington',
        '$2a$12$K4mYMpOd8k7RbFD7tnNUlOIdfZ4URBmW8VmMPnFua8G2vEIseLfNy', '1999-09-16', '0399006902', 0, 'PB0003'),
       ('NV0016', '', '599678465', 'KINH', '13B', 'TAN BINH', 'GO VAP', 'TPHCM', 1, N'ĐẶNG LÊ MINH TRƯỜNG',
        '$2a$12$K4mYMpOd8k7RbFD7tnNUlOIdfZ4URBmW8VmMPnFua8G2vEIseLfNy', '1999-09-16', '0399006902', 0, 'PB0007'),
       ('NV0017', '', '875575473', 'KINH', '13B', 'TAN BINH', 'GO VAP', 'TPHCM', 0, N'ĐẶNG LÊ MINH TRƯỜNG',
        '$2a$12$K4mYMpOd8k7RbFD7tnNUlOIdfZ4URBmW8VmMPnFua8G2vEIseLfNy', '1999-09-16', '0399006902', 0, 'PB0006'),
       ('NV0018', '', '906785675', 'KINH', '13B', 'TAN BINH', 'GO VAP', 'TPHCM', 0, N'ĐẶNG LÊ MINH TRƯỜNG',
        '$2a$12$K4mYMpOd8k7RbFD7tnNUlOIdfZ4URBmW8VmMPnFua8G2vEIseLfNy', '1999-09-16', '0399006902', 0, 'PB0005'),
       ('NV0019', '', '458596867', 'KINH', '13B', 'TAN BINH', 'GO VAP', 'TPHCM', 1, N'ĐẶNG LÊ MINH TRƯỜNG',
        '$2a$12$K4mYMpOd8k7RbFD7tnNUlOIdfZ4URBmW8VmMPnFua8G2vEIseLfNy', '1999-09-16', '0399006902', 0, 'PB0001'),
       ('NV0020', '', '457468658', 'KINH', '13B', 'TAN BINH', 'GO VAP', 'TPHCM', 1, N'ĐẶNG LÊ MINH TRƯỜNG',
        '$2a$12$K4mYMpOd8k7RbFD7tnNUlOIdfZ4URBmW8VmMPnFua8G2vEIseLfNy', '1999-09-16', '0399006902', 0, 'PB0002'),
       ('NV0021', '', '415325456', 'KINH', '13B', 'TAN BINH', 'GO VAP', 'TPHCM', 1, N'ĐẶNG LÊ MINH TRƯỜNG',
        '$2a$12$K4mYMpOd8k7RbFD7tnNUlOIdfZ4URBmW8VmMPnFua8G2vEIseLfNy', '1999-09-16', '0399006902', 0, 'PB0004'),
       ('NV0022', '', '687988009', 'KINH', '13B', 'TAN BINH', 'GO VAP', 'TPHCM', 0, N'ĐẶNG LÊ MINH TRƯỜNG',
        '$2a$12$K4mYMpOd8k7RbFD7tnNUlOIdfZ4URBmW8VmMPnFua8G2vEIseLfNy', '1999-09-16', '0399006902', 0, 'PB0003'),
       ('NV0023', '', '856954095', 'KINH', '13B', 'TAN BINH', 'GO VAP', 'TPHCM', 0, N'ĐẶNG LÊ MINH TRƯỜNG',
        '$2a$12$K4mYMpOd8k7RbFD7tnNUlOIdfZ4URBmW8VmMPnFua8G2vEIseLfNy', '1999-09-16', '0399006902', 0, 'PB0003'),
       ('NV0024', '', '364264547', 'KINH', '13B', 'TAN BINH', 'GO VAP', 'TPHCM', 1, N'ĐẶNG LÊ MINH TRƯỜNG',
        '$2a$12$K4mYMpOd8k7RbFD7tnNUlOIdfZ4URBmW8VmMPnFua8G2vEIseLfNy', '1999-09-16', '0399006902', 0, 'PB0003'),
       ('NV0025', '', '769969676', 'KINH', '13B', 'TAN BINH', 'GO VAP', 'TPHCM', 0, N'ĐẶNG LÊ MINH TRƯỜNG',
        '$2a$12$K4mYMpOd8k7RbFD7tnNUlOIdfZ4URBmW8VmMPnFua8G2vEIseLfNy', '1999-09-16', '0399006902', 1, 'PB0003'),
       ('NV0026', '', '906896753', 'KINH', '13B', 'TAN BINH', 'GO VAP', 'TPHCM', 0, N'ĐẶNG LÊ MINH TRƯỜNG',
        '$2a$12$K4mYMpOd8k7RbFD7tnNUlOIdfZ4URBmW8VmMPnFua8G2vEIseLfNy', '1999-09-16', '0399006902', 1, 'PB0003'),
       ('NV0027', '', '353264586', 'KINH', '13B', 'TAN BINH', 'GO VAP', 'TPHCM', 1, N'ĐẶNG LÊ MINH TRƯỜNG',
        '$2a$12$K4mYMpOd8k7RbFD7tnNUlOIdfZ4URBmW8VmMPnFua8G2vEIseLfNy', '1999-09-16', '0399006902', 0, 'PB0003'),
       ('NV0028', '', '585787543', 'KINH', '13B', 'TAN BINH', 'GO VAP', 'TPHCM', 0, N'ĐẶNG LÊ MINH TRƯỜNG',
        '$2a$12$K4mYMpOd8k7RbFD7tnNUlOIdfZ4URBmW8VmMPnFua8G2vEIseLfNy', '1999-09-16', '0399006902', 0, 'PB0003'),
       ('NV0029', '', '975456354', 'KINH', '13B', 'TAN BINH', 'GO VAP', 'TPHCM', 1, N'Trevor Washington',
        '$2a$12$K4mYMpOd8k7RbFD7tnNUlOIdfZ4URBmW8VmMPnFua8G2vEIseLfNy', '1999-09-16', '0399006902', 0, 'PB0003'),
       ('NV0030', '', '134235465', 'KINH', '13B', 'TAN BINH', 'GO VAP', 'TPHCM', 0, N'ĐẶNG LÊ MINH TRƯỜNG',
        '$2a$12$K4mYMpOd8k7RbFD7tnNUlOIdfZ4URBmW8VmMPnFua8G2vEIseLfNy', '1999-09-16', '0399006902', 0, 'PB0003'),
       ('NV0031', '', '355756876', 'KINH', '13B', 'TAN BINH', 'GO VAP', 'TPHCM', 0, N'ĐẶNG LÊ MINH TRƯỜNG',
        '$2a$12$K4mYMpOd8k7RbFD7tnNUlOIdfZ4URBmW8VmMPnFua8G2vEIseLfNy', '1999-09-16', '0399006902', 0, 'PB0002'),
       ('NV0032', '', '068957544', 'KINH', '13B', 'TAN BINH', 'GO VAP', 'TPHCM', 0, N'ĐẶNG LÊ MINH TRƯỜNG',
        '$2a$12$K4mYMpOd8k7RbFD7tnNUlOIdfZ4URBmW8VmMPnFua8G2vEIseLfNy', '1999-09-16', '0399006902', 1, 'PB0001'),
       ('NV0033', '', '204902420', 'KINH', '13B', 'TAN BINH', 'GO VAP', 'TPHCM', 0, N'ĐẶNG LÊ MINH TRƯỜNG',
        '$2a$12$K4mYMpOd8k7RbFD7tnNUlOIdfZ4URBmW8VmMPnFua8G2vEIseLfNy', '1999-09-16', '0399006902', 0, 'PB0003'),
       ('NV0034', '', '125215331', 'KINH', '13B', 'TAN BINH', 'GO VAP', 'TPHCM', 0, N'ĐẶNG LÊ MINH TRƯỜNG',
        '$2a$12$K4mYMpOd8k7RbFD7tnNUlOIdfZ4URBmW8VmMPnFua8G2vEIseLfNy', '1999-09-16', '0399006902', 1, 'PB0005'),
       ('NV0035', '', '436343211', 'KINH', '13B', 'TAN BINH', 'GO VAP', 'TPHCM', 0, N'ĐẶNG LÊ MINH TRƯỜNG',
        '$2a$12$K4mYMpOd8k7RbFD7tnNUlOIdfZ4URBmW8VmMPnFua8G2vEIseLfNy', '1999-09-16', '0399006902', 0, 'PB0006'),
       ('NV0036', '', '111124344', 'KINH', '13B', 'TAN BINH', 'GO VAP', 'TPHCM', 0, N'ĐẶNG LÊ MINH TRƯỜNG',
        '$2a$12$K4mYMpOd8k7RbFD7tnNUlOIdfZ4URBmW8VmMPnFua8G2vEIseLfNy', '1999-09-16', '0399006902', 0, 'PB0003'),
       ('NV0037', '', '333343533', 'KINH', '13B', 'TAN BINH', 'GO VAP', 'TPHCM', 0, N'ĐẶNG LÊ MINH TRƯỜNG',
        '$2a$12$K4mYMpOd8k7RbFD7tnNUlOIdfZ4URBmW8VmMPnFua8G2vEIseLfNy', '1999-09-16', '0399006902', 0, 'PB0007'),
       ('NV0038', '', '552352352', 'KINH', '13B', 'TAN BINH', 'GO VAP', 'TPHCM', 0, N'ĐẶNG LÊ MINH TRƯỜNG',
        '$2a$12$K4mYMpOd8k7RbFD7tnNUlOIdfZ4URBmW8VmMPnFua8G2vEIseLfNy', '1999-09-16', '0399006902', 0, 'PB0003'),
       ('NV0039', '', '134134535', 'KINH', '13B', 'TAN BINH', 'GO VAP', 'TPHCM', 0, N'ĐẶNG LÊ MINH TRƯỜNG',
        '$2a$12$K4mYMpOd8k7RbFD7tnNUlOIdfZ4URBmW8VmMPnFua8G2vEIseLfNy', '1999-09-16', '0399006902', 0, 'PB0003'),
       ('NV0040', '', '125124271', 'KINH', '13B', 'TAN BINH', 'GO VAP', 'TPHCM', 0, N'Trevor Washington',
        '$2a$12$K4mYMpOd8k7RbFD7tnNUlOIdfZ4URBmW8VmMPnFua8G2vEIseLfNy', '1999-09-16', '0399006902', 0, 'PB0003'),
       ('NV0041', '', '918252820', 'KINH', '13B', 'TAN BINH', 'GO VAP', 'TPHCM', 0, N'ĐẶNG LÊ MINH TRƯỜNG',
        '$2a$12$K4mYMpOd8k7RbFD7tnNUlOIdfZ4URBmW8VmMPnFua8G2vEIseLfNy', '1999-09-16', '0399006902', 0, 'PB0003'),
       ('NV0042', '', '012059125', 'KINH', '13B', 'TAN BINH', 'GO VAP', 'TPHCM', 1, N'ĐẶNG LÊ MINH TRƯỜNG',
        '$2a$12$K4mYMpOd8k7RbFD7tnNUlOIdfZ4URBmW8VmMPnFua8G2vEIseLfNy', '1999-09-16', '0399006902', 0, 'PB0003'),
       ('NV0043', '', '098539339', 'KINH', '13B', 'TAN BINH', 'GO VAP', 'TPHCM', 0, N'ĐẶNG LÊ MINH TRƯỜNG',
        '$2a$12$K4mYMpOd8k7RbFD7tnNUlOIdfZ4URBmW8VmMPnFua8G2vEIseLfNy', '1999-09-16', '0399006902', 0, 'PB0003'),
       ('NV0044', '', '082385320', 'KINH', '13B', 'TAN BINH', 'GO VAP', 'TPHCM', 0, N'Trevor Washington',
        '$2a$12$K4mYMpOd8k7RbFD7tnNUlOIdfZ4URBmW8VmMPnFua8G2vEIseLfNy', '1999-09-16', '0399006902', 0, 'PB0003'),
       ('NV0045', '', '098239592', 'KINH', '13B', 'TAN BINH', 'GO VAP', 'TPHCM', 1, N'ĐẶNG LÊ MINH TRƯỜNG',
        '$2a$12$K4mYMpOd8k7RbFD7tnNUlOIdfZ4URBmW8VmMPnFua8G2vEIseLfNy', '1999-09-16', '0399006902', 0, 'PB0003'),
       ('NV0046', '', '523905803', 'KINH', '13B', 'TAN BINH', 'GO VAP', 'TPHCM', 1, N'ĐẶNG LÊ MINH TRƯỜNG',
        '$2a$12$K4mYMpOd8k7RbFD7tnNUlOIdfZ4URBmW8VmMPnFua8G2vEIseLfNy', '1999-09-16', '0399006902', 0, 'PB0003'),
       ('NV0047', '', '509238539', 'KINH', '13B', 'TAN BINH', 'GO VAP', 'TPHCM', 0, N'Naomi Ballard',
        '$2a$12$K4mYMpOd8k7RbFD7tnNUlOIdfZ4URBmW8VmMPnFua8G2vEIseLfNy', '1999-09-16', '0399006902', 0, 'PB0003'),
       ('NV0048', '', '092835903', 'KINH', '13B', 'TAN BINH', 'GO VAP', 'TPHCM', 0, N'ĐẶNG LÊ MINH TRƯỜNG',
        '$2a$12$K4mYMpOd8k7RbFD7tnNUlOIdfZ4URBmW8VmMPnFua8G2vEIseLfNy', '1999-09-16', '0399006902', 0, 'PB0003'),
       ('NV0049', '', '092835901', 'KINH', '13B', 'TAN BINH', 'GO VAP', 'TPHCM', 0, N'ĐẶNG LÊ MINH TRƯỜNG',
        '$2a$12$K4mYMpOd8k7RbFD7tnNUlOIdfZ4URBmW8VmMPnFua8G2vEIseLfNy', '1999-09-16', '0399006902', 0, 'PB0003'),
       ('NV0050', '', '092835902', 'KINH', '13B', 'TAN BINH', 'GO VAP', 'TPHCM', 0, N'Naomi BallardG',
        '$2a$12$K4mYMpOd8k7RbFD7tnNUlOIdfZ4URBmW8VmMPnFua8G2vEIseLfNy', '1999-09-16', '0399006902', 0, 'PB0003'),
       ('NV0051', '', '092835904', 'KINH', '13B', 'TAN BINH', 'GO VAP', 'TPHCM', 0, N'ĐẶNG LÊ MINH TRƯỜNG',
        '$2a$12$K4mYMpOd8k7RbFD7tnNUlOIdfZ4URBmW8VmMPnFua8G2vEIseLfNy', '1999-09-16', '0399006902', 0, 'PB0003'),
       ('NV0052', '', '092835905', 'KINH', '13B', 'TAN BINH', 'GO VAP', 'TPHCM', 0, N'ĐẶNG LÊ MINH TRƯỜNG',
        '$2a$12$K4mYMpOd8k7RbFD7tnNUlOIdfZ4URBmW8VmMPnFua8G2vEIseLfNy', '1999-09-16', '0399006902', 0, 'PB0003'),
       ('NV0053', '', '092835906', 'KINH', '13B', 'TAN BINH', 'GO VAP', 'TPHCM', 0, N'Naomi Ballard',
        '$2a$12$K4mYMpOd8k7RbFD7tnNUlOIdfZ4URBmW8VmMPnFua8G2vEIseLfNy', '1999-09-16', '0399006902', 0, 'PB0003'),
       ('NV0054', '', '092835907', 'KINH', '13B', 'TAN BINH', 'GO VAP', 'TPHCM', 1, N'ĐẶNG LÊ MINH TRƯỜNG',
        '$2a$12$K4mYMpOd8k7RbFD7tnNUlOIdfZ4URBmW8VmMPnFua8G2vEIseLfNy', '1999-09-16', '0399006902', 0, 'PB0003'),
       ('NV0055', '', '092835908', 'KINH', '13B', 'TAN BINH', 'GO VAP', 'TPHCM', 0, N'ĐẶNG LÊ MINH TRƯỜNG',
        '$2a$12$K4mYMpOd8k7RbFD7tnNUlOIdfZ4URBmW8VmMPnFua8G2vEIseLfNy', '1999-09-16', '0399006902', 0, 'PB0003'),
       ('NV0056', '', '092835909', 'KINH', '13B', 'TAN BINH', 'GO VAP', 'TPHCM', 0, N'Naomi Ballard',
        '$2a$12$K4mYMpOd8k7RbFD7tnNUlOIdfZ4URBmW8VmMPnFua8G2vEIseLfNy', '1999-09-16', '0399006902', 0, 'PB0003'),
       ('NV0057', '', '902158832', 'KINH', '13B', 'TAN BINH', 'GO VAP', 'TPHCM', 0, N'ĐẶNG LÊ MINH TRƯỜNG',
        '$2a$12$K4mYMpOd8k7RbFD7tnNUlOIdfZ4URBmW8VmMPnFua8G2vEIseLfNy', '1999-09-16', '0399006902', 0, 'PB0003'),
       ('NV0058', '', '902158831', 'KINH', '13B', 'TAN BINH', 'GO VAP', 'TPHCM', 0, N'ĐẶNG LÊ MINH TRƯỜNG',
        '$2a$12$K4mYMpOd8k7RbFD7tnNUlOIdfZ4URBmW8VmMPnFua8G2vEIseLfNy', '1999-09-16', '0399006902', 0, 'PB0003'),
       ('NV0059', '', '902158833', 'KINH', '13B', 'TAN BINH', 'GO VAP', 'TPHCM', 1, N'ĐẶNG LÊ MINH TRƯỜNG',
        '$2a$12$K4mYMpOd8k7RbFD7tnNUlOIdfZ4URBmW8VmMPnFua8G2vEIseLfNy', '1999-09-16', '0399006902', 0, 'PB0003'),
       ('NV0060', '', '902158834', 'KINH', '13B', 'TAN BINH', 'GO VAP', 'TPHCM', 0, N'ĐẶNG LÊ MINH TRƯỜNG',
        '$2a$12$K4mYMpOd8k7RbFD7tnNUlOIdfZ4URBmW8VmMPnFua8G2vEIseLfNy', '1999-09-16', '0399006902', 0, 'PB0003'),
       ('NV0061', '', '902158835', 'KINH', '13B', 'TAN BINH', 'GO VAP', 'TPHCM', 1, N'ĐẶNG LÊ MINH TRƯỜNG',
        '$2a$12$K4mYMpOd8k7RbFD7tnNUlOIdfZ4URBmW8VmMPnFua8G2vEIseLfNy', '1999-09-16', '0399006902', 0, 'PB0003'),
       ('NV0062', '', '902158836', 'KINH', '13B', 'TAN BINH', 'GO VAP', 'TPHCM', 0, N'ĐẶNG LÊ MINH TRƯỜNG',
        '$2a$12$K4mYMpOd8k7RbFD7tnNUlOIdfZ4URBmW8VmMPnFua8G2vEIseLfNy', '1999-09-16', '0399006902', 0, 'PB0003'),
       ('NV0063', '', '902158837', 'KINH', '13B', 'TAN BINH', 'GO VAP', 'TPHCM', 0, N'ĐẶNG LÊ MINH TRƯỜNG',
        '$2a$12$K4mYMpOd8k7RbFD7tnNUlOIdfZ4URBmW8VmMPnFua8G2vEIseLfNy', '1999-09-16', '0399006902', 0, 'PB0003'),
       ('NV0064', '', '902158838', 'KINH', '13B', 'TAN BINH', 'GO VAP', 'TPHCM', 0, N'ĐẶNG LÊ MINH TRƯỜNG',
        '$2a$12$K4mYMpOd8k7RbFD7tnNUlOIdfZ4URBmW8VmMPnFua8G2vEIseLfNy', '1999-09-16', '0399006902', 0, 'PB0003'),
       ('NV0065', '', '902158839', 'KINH', '13B', 'TAN BINH', 'GO VAP', 'TPHCM', 0, N'ĐẶNG LÊ MINH TRƯỜNG',
        '$2a$12$K4mYMpOd8k7RbFD7tnNUlOIdfZ4URBmW8VmMPnFua8G2vEIseLfNy', '1999-09-16', '0399006902', 1, 'PB0003'),
       ('NV0066', '', '224001241', 'KINH', '13B', 'TAN BINH', 'GO VAP', 'TPHCM', 0, N'ĐẶNG LÊ MINH TRƯỜNG',
        '$2a$12$K4mYMpOd8k7RbFD7tnNUlOIdfZ4URBmW8VmMPnFua8G2vEIseLfNy', '1999-09-16', '0399006902', 1, 'PB0003'),
       ('NV0067', '', '224001240', 'KINH', '13B', 'TAN BINH', 'GO VAP', 'TPHCM', 0, N'ĐẶNG LÊ MINH TRƯỜNG',
        '$2a$12$K4mYMpOd8k7RbFD7tnNUlOIdfZ4URBmW8VmMPnFua8G2vEIseLfNy', '1999-09-16', '0399006902', 1, 'PB0003'),
       ('NV0068', '', '224001242', 'KINH', '13B', 'TAN BINH', 'GO VAP', 'TPHCM', 0, N'ĐẶNG LÊ MINH TRƯỜNG',
        '$2a$12$K4mYMpOd8k7RbFD7tnNUlOIdfZ4URBmW8VmMPnFua8G2vEIseLfNy', '1999-09-16', '0399006902', 1, 'PB0003'),
       ('NV0069', '', '224001243', 'KINH', '13B', 'TAN BINH', 'GO VAP', 'TPHCM', 0, N'ĐẶNG LÊ MINH TRƯỜNG',
        '$2a$12$K4mYMpOd8k7RbFD7tnNUlOIdfZ4URBmW8VmMPnFua8G2vEIseLfNy', '1999-09-16', '0399006902', 0, 'PB0003'),
       ('NV0070', '', '224001244', 'KINH', '13B', 'TAN BINH', 'GO VAP', 'TPHCM', 0, N'ĐẶNG LÊ MINH TRƯỜNG',
        '$2a$12$K4mYMpOd8k7RbFD7tnNUlOIdfZ4URBmW8VmMPnFua8G2vEIseLfNy', '1999-09-16', '0399006902', 0, 'PB0003'),
       ('NV0071', '', '224001245', 'KINH', '13B', 'TAN BINH', 'GO VAP', 'TPHCM', 0, N'Trevor Washington',
        '$2a$12$K4mYMpOd8k7RbFD7tnNUlOIdfZ4URBmW8VmMPnFua8G2vEIseLfNy', '1999-09-16', '0399006902', 0, 'PB0003'),
       ('NV0072', '', '224001246', 'KINH', '13B', 'TAN BINH', 'GO VAP', 'TPHCM', 0, N'ĐẶNG LÊ MINH TRƯỜNG',
        '$2a$12$K4mYMpOd8k7RbFD7tnNUlOIdfZ4URBmW8VmMPnFua8G2vEIseLfNy', '1999-09-16', '0399006902', 0, 'PB0003'),
       ('NV0073', '', '224001247', 'KINH', '13B', 'TAN BINH', 'GO VAP', 'TPHCM', 0, N'ĐẶNG LÊ MINH TRƯỜNG',
        '$2a$12$K4mYMpOd8k7RbFD7tnNUlOIdfZ4URBmW8VmMPnFua8G2vEIseLfNy', '1999-09-16', '0399006902', 0, 'PB0003'),
       ('NV0074', '', '224001248', 'KINH', '13B', 'TAN BINH', 'GO VAP', 'TPHCM', 0, N'ĐẶNG LÊ MINH TRƯỜNG',
        '$2a$12$K4mYMpOd8k7RbFD7tnNUlOIdfZ4URBmW8VmMPnFua8G2vEIseLfNy', '1999-09-16', '0399006902', 0, 'PB0003'),
       ('NV0075', '', '224001249', 'KINH', '13B', 'TAN BINH', 'GO VAP', 'TPHCM', 0, N'ĐẶNG LÊ MINH TRƯỜNG',
        '$2a$12$K4mYMpOd8k7RbFD7tnNUlOIdfZ4URBmW8VmMPnFua8G2vEIseLfNy', '1999-09-16', '0399006902', 1, 'PB0003'),
       ('NV0076', '', '002324120', 'KINH', '13B', 'TAN BINH', 'GO VAP', 'TPHCM', 0, N'ĐẶNG LÊ MINH TRƯỜNG',
        '$2a$12$K4mYMpOd8k7RbFD7tnNUlOIdfZ4URBmW8VmMPnFua8G2vEIseLfNy', '1999-09-16', '0399006902', 1, 'PB0003'),
       ('NV0077', '', '002324121', 'KINH', '13B', 'TAN BINH', 'GO VAP', 'TPHCM', 0, N'ĐẶNG LÊ MINH TRƯỜNG',
        '$2a$12$K4mYMpOd8k7RbFD7tnNUlOIdfZ4URBmW8VmMPnFua8G2vEIseLfNy', '1999-09-16', '0399006902', 0, 'PB0003'),
       ('NV0078', '', '002324122', 'KINH', '13B', 'TAN BINH', 'GO VAP', 'TPHCM', 1, N'ĐẶNG LÊ MINH TRƯỜNG',
        '$2a$12$K4mYMpOd8k7RbFD7tnNUlOIdfZ4URBmW8VmMPnFua8G2vEIseLfNy', '1999-09-16', '0399006902', 0, 'PB0003'),
       ('NV0079', '', '002324123', 'KINH', '13B', 'TAN BINH', 'GO VAP', 'TPHCM', 1, N'ĐẶNG LÊ MINH TRƯỜNG',
        '$2a$12$K4mYMpOd8k7RbFD7tnNUlOIdfZ4URBmW8VmMPnFua8G2vEIseLfNy', '1999-09-16', '0399006902', 0, 'PB0003'),
       ('NV0080', '', '002324124', 'KINH', '13B', 'TAN BINH', 'GO VAP', 'TPHCM', 1, N'ĐẶNG LÊ MINH TRƯỜNG',
        '$2a$12$K4mYMpOd8k7RbFD7tnNUlOIdfZ4URBmW8VmMPnFua8G2vEIseLfNy', '1999-09-16', '0399006902', 1, 'PB0003'),
       ('NV0081', '', '002324125', 'KINH', '13B', 'TAN BINH', 'GO VAP', 'TPHCM', 1, N'ĐẶNG LÊ MINH TRƯỜNG',
        '$2a$12$K4mYMpOd8k7RbFD7tnNUlOIdfZ4URBmW8VmMPnFua8G2vEIseLfNy', '1999-09-16', '0399006902', 0, 'PB0003'),
       ('NV0082', '', '002324126', 'KINH', '13B', 'TAN BINH', 'GO VAP', 'TPHCM', 1, N'ĐẶNG LÊ MINH TRƯỜNG',
        '$2a$12$K4mYMpOd8k7RbFD7tnNUlOIdfZ4URBmW8VmMPnFua8G2vEIseLfNy', '1999-09-16', '0399006902', 0, 'PB0003'),
       ('NV0083', '', '002324127', 'KINH', '13B', 'TAN BINH', 'GO VAP', 'TPHCM', 1, N'ĐẶNG LÊ MINH TRƯỜNG',
        '$2a$12$K4mYMpOd8k7RbFD7tnNUlOIdfZ4URBmW8VmMPnFua8G2vEIseLfNy', '1999-09-16', '0399006902', 0, 'PB0003'),
       ('NV0084', '', '002324128', 'KINH', '13B', 'TAN BINH', 'GO VAP', 'TPHCM', 0, N'ĐẶNG LÊ MINH TRƯỜNG',
        '$2a$12$K4mYMpOd8k7RbFD7tnNUlOIdfZ4URBmW8VmMPnFua8G2vEIseLfNy', '1999-09-16', '0399006902', 0, 'PB0003'),
       ('NV0085', '', '002324129', 'KINH', '13B', 'TAN BINH', 'GO VAP', 'TPHCM', 0, N'ĐẶNG LÊ MINH TRƯỜNG',
        '$2a$12$K4mYMpOd8k7RbFD7tnNUlOIdfZ4URBmW8VmMPnFua8G2vEIseLfNy', '1999-09-16', '0399006902', 0, 'PB0003'),
       ('NV0086', '', '677772341', 'KINH', '13B', 'TAN BINH', 'GO VAP', 'TPHCM', 0, N'ĐẶNG LÊ MINH TRƯỜNG',
        '$2a$12$K4mYMpOd8k7RbFD7tnNUlOIdfZ4URBmW8VmMPnFua8G2vEIseLfNy', '1999-09-16', '0399006902', 0, 'PB0003'),
       ('NV0087', '', '677772342', 'KINH', '13B', 'TAN BINH', 'GO VAP', 'TPHCM', 1, N'ĐẶNG LÊ MINH TRƯỜNG',
        '$2a$12$K4mYMpOd8k7RbFD7tnNUlOIdfZ4URBmW8VmMPnFua8G2vEIseLfNy', '1999-09-16', '0399006902', 0, 'PB0002'),
       ('NV0088', '', '677772340', 'KINH', '13B', 'TAN BINH', 'GO VAP', 'TPHCM', 0, N'Trevor Washington',
        '$2a$12$K4mYMpOd8k7RbFD7tnNUlOIdfZ4URBmW8VmMPnFua8G2vEIseLfNy', '1999-09-16', '0399006902', 0, 'PB0003'),
       ('NV0089', '', '677772343', 'KINH', '13B', 'TAN BINH', 'GO VAP', 'TPHCM', 0, N'ĐẶNG LÊ MINH TRƯỜNG',
        '$2a$12$K4mYMpOd8k7RbFD7tnNUlOIdfZ4URBmW8VmMPnFua8G2vEIseLfNy', '1999-09-16', '0399006902', 0, 'PB0003'),
       ('NV0090', '', '677772344', 'KINH', '13B', 'TAN BINH', 'GO VAP', 'TPHCM', 1, N'ĐẶNG LÊ MINH TRƯỜNG',
        '$2a$12$K4mYMpOd8k7RbFD7tnNUlOIdfZ4URBmW8VmMPnFua8G2vEIseLfNy', '1999-09-16', '0399006902', 1, 'PB0003')
GO

INSERT INTO BANGCONGVIEC(MACONGVIEC, CHIPHI, NGAYDUKIENHOANTHANH, NGAYHOANTHANH, SOLUONGNHANVIENTOIDA, TENCONGVIEC,
                         MACONGTRINH, MAPHONGBAN)
VALUES ('CV0001', 10000, '2019-05-20', '2019-05-20', 50, N'XÂY DỰNG', 'CT0001', 'PB0003'),
       ('CV0002', 10000, '2019-05-20', '2019-05-20', 8, N'THIẾT KẾ', 'CT0001', 'PB0002'),
       ('CV0003', 10000, '2019-05-20', '2019-05-20', 5, N'TÀI CHÍNH CHO CÔNG TRÌNH', 'CT0001', 'PB0001'),
       ('CV0004', 10000, '2019-05-20', '2019-05-20', 2, N'QUẢN LÝ DỰ ÁN', 'CT0001', 'PB0004'),
       ('CV0005', 10000, '2019-05-20', '2019-05-20', 10, N'MUA VẬT TƯ', 'CT0001', 'PB0001'),
       ('CV0006', 10000, '2019-05-20', '2019-05-20', 15, N'QUẢNG CÁO DỰ ÁN', 'CT0001', 'PB0007'),
       ('CV0007', 10000, '2019-05-20', '2019-05-20', 50, N'XÂY DỰNG', 'CT0002', 'PB0003'),
       ('CV0008', 10000, '2019-05-20', '2019-05-20', 8, N'THIẾT KẾ', 'CT0002', 'PB0002'),
       ('CV0009', 10000, '2019-05-20', '2019-05-20', 5, N'TÀI CHÍNH CHO CÔNG TRÌNH', 'CT0002', 'PB0001'),
       ('CV0010', 10000, '2019-05-20', '2019-05-20', 2, N'QUẢN LÝ DỰ ÁN', 'CT0002', 'PB0004'),
       ('CV0011', 10000, '2019-05-20', '2019-05-20', 10, N'MUA VẬT TƯ', 'CT0002', 'PB0001'),
       ('CV0012', 10000, '2019-05-20', '2019-05-20', 15, N'QUẢNG CÁO DỰ ÁN', 'CT0002', 'PB0007'),
       ('CV0013', 10000, '2019-05-20', '2019-05-20', 50, N'XÂY DỰNG', 'CT0003', 'PB0003'),
       ('CV0014', 10000, '2019-05-20', '2019-05-20', 8, N'THIẾT KẾ', 'CT0003', 'PB0002'),
       ('CV0015', 10000, '2019-05-20', '2019-05-20', 5, N'TÀI CHÍNH CHO CÔNG TRÌNH', 'CT0003', 'PB0001'),
       ('CV0016', 10000, '2019-05-20', '2019-05-20', 2, N'QUẢN LÝ DỰ ÁN', 'CT0003', 'PB0004'),
       ('CV0017', 10000, '2019-05-20', '2019-05-20', 10, N'MUA VẬT TƯ', 'CT0003', 'PB0001'),
       ('CV0018', 10000, '2019-05-20', '2019-05-20', 15, N'QUẢNG CÁO DỰ ÁN', 'CT0003', 'PB0007'),
       ('CV0020', 10000, '2019-05-20', '2019-05-20', 50, N'XÂY DỰNG', 'CT0004', 'PB0003'),
       ('CV0021', 10000, '2019-05-20', '2019-05-20', 8, N'THIẾT KẾ', 'CT0004', 'PB0002'),
       ('CV0022', 10000, '2019-05-20', '2019-05-20', 5, N'TÀI CHÍNH CHO CÔNG TRÌNH', 'CT0004', 'PB0001'),
       ('CV0023', 10000, '2019-05-20', '2019-05-20', 2, N'QUẢN LÝ DỰ ÁN', 'CT0004', 'PB0004'),
       ('CV0024', 10000, '2019-05-20', '2019-05-20', 10, N'MUA VẬT TƯ', 'CT0004', 'PB0001'),
       ('CV0025', 10000, '2019-05-20', '2019-05-20', 15, N'QUẢNG CÁO DỰ ÁN', 'CT0004', 'PB0007'),
       ('CV0026', 10000, '2019-05-20', '2019-05-20', 2, N'Xây Dựng', 'CT0002', 'PB0003'),
       ('CV0027', 10000, '2019-05-20', '2019-05-20', 10, N'Xây dựng', 'CT0002', 'PB0003'),
       ('CV0028', 10000, '2019-05-20', '2019-05-20', 15, N'Xây dựng', 'CT0002', 'PB0003'),
       ('CV0029', 10000, '2019-05-20', '2019-05-20', 50, N'XÂY DỰNG', 'CT0003', 'PB0003'),
       ('CV0030', 10000, '2019-05-20', '2019-05-20', 8, N'XÂY DỰNG', 'CT0003', 'PB0003'),
       ('CV0031', 10000, '2019-05-20', '2019-05-20', 5, N'Xây dựng', 'CT0007', 'PB0003'),
       ('CV0032', 10000, '2019-05-20', '2019-05-20', 2, N'QUẢN LÝ DỰ ÁN', 'CT0007', 'PB0004'),
       ('CV0033', 10000, '2019-05-20', '2019-05-20', 10, N'XÂY DỰNG', 'CT0007', 'PB0003'),
       ('CV0034', 10000, '2019-05-20', '2019-05-20', 15, N'XÂY DỰNG', 'CT0007', 'PB0003'),
       ('CV0035', 10000, '2019-05-20', '2019-05-20', 50, N'XÂY DỰNG', 'CT0007', 'PB0003'),
       ('CV0036', 10000, '2019-05-20', '2019-05-20', 8, N'XÂY DỰNG', 'CT0008', 'PB0003'),
       ('CV0037', 10000, '2019-05-20', '2019-05-20', 5, N'XÂY DỰNG', 'CT0009', 'PB0003'),
       ('CV0038', 10000, '2019-05-20', '2019-05-20', 2, N'XÂY DỰNG', 'CT0010', 'PB0003'),
       ('CV0039', 10000, '2019-05-20', '2019-05-20', 10, N'XÂY DỰNG', 'CT0011', 'PB0003'),
       ('CV0040', 10000, '2019-05-20', '2019-05-20', 15, N'XÂY DỰNG', 'CT0012', 'PB0003'),
       ('CV0041', 10000, '2019-05-20', '2019-05-20', 50, N'XÂY DỰNG', 'CT0013', 'PB0003'),
       ('CV0042', 10000, '2019-05-20', '2019-05-20', 8, N'THIẾT KẾ', 'CT0007', 'PB0002'),
       ('CV0043', 10000, '2019-05-20', '2019-05-20', 5, N'TÀI CHÍNH CHO CÔNG TRÌNH', 'CT0007', 'PB0001'),
       ('CV0044', 10000, '2019-05-20', '2019-05-20', 2, N'QUẢN LÝ DỰ ÁN', 'CT0007', 'PB0004'),
       ('CV0045', 10000, '2019-05-20', '2019-05-20', 10, N'MUA VẬT TƯ', 'CT0007', 'PB0001'),
       ('CV0046', 10000, '2019-05-20', '2019-05-20', 15, N'QUẢNG CÁO DỰ ÁN', 'CT0007', 'PB0007'),
       ('CV0047', 10000, '2019-05-20', '2019-05-20', 50, N'XÂY DỰNG', 'CT0015', 'PB0003'),
       ('CV0048', 10000, '2019-05-20', '2019-05-20', 8, N'THIẾT KẾ', 'CT0007', 'PB0002'),
       ('CV0049', 10000, '2019-05-20', '2019-05-20', 5, N'TÀI CHÍNH CHO CÔNG TRÌNH', 'CT0007', 'PB0001'),
       ('CV0050', 10000, '2019-05-20', '2019-05-20', 2, N'QUẢN LÝ DỰ ÁN', 'CT0007', 'PB0004'),
       ('CV0051', 10000, '2019-05-20', '2019-05-20', 10, N'MUA VẬT TƯ', 'CT0007', 'PB0001'),
       ('CV0052', 10000, '2019-05-20', '2019-05-20', 15, N'QUẢNG CÁO DỰ ÁN', 'CT0007', 'PB0007'),
       ('CV0053', 10000, '2019-05-20', '2019-05-20', 50, N'XÂY DỰNG', 'CT0016', 'PB0003'),
       ('CV0054', 10000, '2019-05-20', '2019-05-20', 8, N'THIẾT KẾ', 'CT0007', 'PB0002'),
       ('CV0055', 10000, '2019-05-20', '2019-05-20', 5, N'TÀI CHÍNH CHO CÔNG TRÌNH', 'CT0007', 'PB0001'),
       ('CV0056', 10000, '2019-05-20', '2019-05-20', 2, N'QUẢN LÝ DỰ ÁN', 'CT0007', 'PB0004'),
       ('CV0057', 10000, '2019-05-20', '2019-05-20', 10, N'MUA VẬT TƯ', 'CT0003', 'PB0001'),
       ('CV0058', 10000, '2019-05-20', '2019-05-20', 15, N'QUẢNG CÁO DỰ ÁN', 'CT0008', 'PB0007'),
       ('CV0060', 10000, '2019-05-20', '2019-05-20', 50, N'XÂY DỰNG', 'CT0020', 'PB0003'),
       ('CV0061', 10000, '2019-05-20', '2019-05-20', 8, N'THIẾT KẾ', 'CT0008', 'PB0002'),
       ('CV0062', 10000, '2019-05-20', '2019-05-20', 5, N'TÀI CHÍNH CHO CÔNG TRÌNH', 'CT0008', 'PB0001'),
       ('CV0063', 10000, '2019-05-20', '2019-05-20', 2, N'QUẢN LÝ DỰ ÁN', 'CT0008', 'PB0004'),
       ('CV0064', 10000, '2019-05-20', '2019-05-20', 10, N'MUA VẬT TƯ', 'CT0008', 'PB0001'),
       ('CV0065', 10000, '2019-05-20', '2019-05-20', 15, N'QUẢNG CÁO DỰ ÁN', 'CT0008', 'PB0007'),
       ('CV0066', 10000, '2019-05-20', '2019-05-20', 2, N'XÂY DỰNG', 'CT0021', 'PB0003'),
       ('CV0067', 10000, '2019-05-20', '2019-05-20', 10, N'MUA VẬT TƯ', 'CT0022', 'PB0003'),
       ('CV0068', 10000, '2019-05-20', '2019-05-20', 15, N'Xây dựng', 'CT0031', 'PB0003'),
       ('CV0069', 10000, '2019-05-20', '2019-05-20', 50, N'XÂY DỰNG', 'CT0030', 'PB0003'),
       ('CV0070', 10000, '2019-05-20', '2019-05-20', 8, N'XÂY DỰNG', 'CT0031', 'PB0003'),
       ('CV0071', 10000, '2019-05-20', '2019-05-20', 5, N'XÂY DỰNG', 'CT0042', 'PB0003'),
       ('CV0072', 10000, '2019-05-20', '2019-05-20', 2, N'QUẢN LÝ DỰ ÁN', 'CT0008', 'PB0004'),
       ('CV0073', 10000, '2019-05-20', '2019-05-20', 10, N'XÂY DỰNG', 'CT0045', 'PB0003'),
       ('CV0074', 10000, '2019-05-20', '2019-05-20', 15, N'XÂY DỰNG', 'CT0046', 'PB0003'),
       ('CV0075', 10000, '2019-05-20', '2019-05-20', 50, N'XÂY DỰNG', 'CT0047', 'PB0003'),
       ('CV0076', 10000, '2019-05-20', '2019-05-20', 8, N'XÂY DỰNG', 'CT0048', 'PB0003'),
       ('CV0077', 10000, '2019-05-20', '2019-05-20', 5, N'XÂY DỰNG', 'CT0049', 'PB0003'),
       ('CV0078', 10000, '2019-05-20', '2019-05-20', 2, N'XÂY DỰNG', 'CT0050', 'PB0003'),
       ('CV0079', 10000, '2019-05-20', '2019-05-20', 10, N'XÂY DỰNG', 'CT0051', 'PB0003'),
       ('CV0080', 10000, '2019-05-20', '2019-05-20', 15, N'XÂY DỰNG', 'CT0058', 'PB0003')
GO

INSERT INTO BANGPHANCONG(NGAYBATDAU, NGAYKETTHUC, MANHANVIEN, MACONGVIEC)
VALUES ('2019-02-01', '2019-07-12', 'NV0001', 'CV0001'),
       ('2019-03-01', '2019-06-11', 'NV0002', 'CV0002'),
       ('2019-04-01', '2019-08-13', 'NV0003', 'CV0003'),
       ('2019-05-01', '2019-09-29', 'NV0004', 'CV0004'),
       ('2019-02-01', '2019-10-20', 'NV0005', 'CV0007'),
       ('2019-02-01', '2019-11-28', 'NV0006', 'CV0002'),
       ('2019-02-01', '2019-12-20', 'NV0007', 'CV0007'),
       ('2019-02-01', '2019-07-12', 'NV0008', 'CV0003'),
       ('2019-02-01', '2019-06-15', 'NV0009', 'CV0004'),
       ('2019-03-01', '2019-05-13', 'NV0010', 'CV0007'),
       ('2019-06-01', '2019-07-14', 'NV0011', 'CV0004'),
       ('2019-01-01', '2019-08-16', 'NV0012', 'CV0002'),
       ('2019-02-01', '2019-09-17', 'NV0013', 'CV0004'),
       ('2019-02-01', '2019-10-18', 'NV0014', 'CV0002'),
       ('2019-01-01', '2019-11-12', 'NV0015', 'CV0002'),
       ('2019-02-01', '2019-12-19', 'NV0016', 'CV0004'),
       ('2019-02-01', '2019-11-12', 'NV0017', 'CV0007'),
       ('2019-02-01', '2019-10-12', 'NV0018', 'CV0002'),
       ('2019-01-01', '2019-03-12', 'NV0019', 'CV0001'),
       ('2019-02-01', '2019-05-12', 'NV0002', 'CV0003'),
       ('2019-02-01', '2019-09-12', 'NV0019', 'CV0011'),
       ('2018-03-02', '2018-05-20', 'NV0004', 'CV0012'),
       ('2019-02-12', '2019-09-22', 'NV0007', 'CV0014'),
       ('2019-02-23', '2019-02-12', 'NV0010', 'CV0013'),
       ('2018-02-25', '2019-05-24', 'NV0012', 'CV0015'),
       ('2019-02-12', '2019-11-29', 'NV0025', 'CV0016'),
       ('2019-02-12', '2019-10-11', 'NV0039', 'CV0018'),
       ('2019-02-23', '2019-02-12', 'NV0010', 'CV0017'),
       ('2019-02-12', '2019-11-29', 'NV0025', 'CV0020'),
       ('2019-02-12', '2019-10-11', 'NV0039', 'CV0021')
GO